Date,price,log_return,volatility
2021-09-16,4473.75,-0.001552344712765219,0.004741909838703911
2021-09-17,4432.990234375,-0.009152630275798046,0.005130197471338211
2021-09-20,4357.72998046875,-0.017123077726381553,0.006863290474667941
2021-09-21,4354.18994140625,-0.0008126886585468895,0.006936674167957536
2021-09-22,4395.64013671875,0.009474585224218401,0.008097522936932769
2021-09-23,4448.97998046875,0.012061680369937378,0.00928061157678168
2021-09-24,4455.47998046875,0.0014599428113637458,0.00898743374790741
2021-09-27,4443.10986328125,-0.0027802439201884965,0.008983115643625281
2021-09-28,4352.6298828125,-0.020574317739892933,0.010941188565563066
2021-09-29,4359.4599609375,0.0015679543362843162,0.0104118951313172
2021-09-30,4307.5400390625,-0.011981202945015923,0.010794629780482528
2021-10-01,4357.0400390625,0.011425952113334858,0.011590087930215077
2021-10-04,4300.4599609375,-0.013070952048643392,0.01105031202409154
2021-10-05,4345.72021484375,0.010469517498600922,0.011666939021290738
2021-10-06,4363.5498046875,0.004094399349623856,0.011289443254198195
2021-10-07,4399.759765625,0.008264039225066355,0.01086721110859689
2021-10-08,4391.33984375,-0.0019155566024213755,0.010830792489919305
2021-10-11,4361.18994140625,-0.006889441644339911,0.010964000091216541
2021-10-12,4350.64990234375,-0.002419705686554252,0.008813166650404703
2021-10-13,4363.7998046875,0.003017955870230793,0.00885449310398186
2021-10-14,4438.259765625,0.016919162285711664,0.009183638520142453
2021-10-15,4471.3701171875,0.00743252063718991,0.008857044921330378
2021-10-18,4486.4599609375,0.003369087801804227,0.006946884955648888
2021-10-19,4519.6298828125,0.007366142784235308,0.006702401476071997
2021-10-20,4536.18994140625,0.003657333598560797,0.006702590877790271
2021-10-21,4549.77978515625,0.002991393168359835,0.0065244317330735
2021-10-22,4544.89990234375,-0.0010731292246628499,0.006453905229942414
2021-10-25,4566.47998046875,0.004736959440853283,0.005337603949864307
2021-10-26,4574.7900390625,0.0018181414322437917,0.004865737463358214
2021-10-27,4551.68017578125,-0.005064370371105298,0.0058146371722261085
2021-10-28,4596.419921875,0.009781288424184353,0.004330609139530469
2021-10-29,4605.3798828125,0.0019474372317169752,0.004119621839166021
2021-11-01,4613.669921875,0.0017984589459025813,0.00413191904120576
2021-11-02,4630.64990234375,0.0036736071203886667,0.003832246910206711
2021-11-03,4660.56982421875,0.00644049461288887,0.004027633305313334
2021-11-04,4680.06005859375,0.004173222342817695,0.004054221226668811
2021-11-05,4697.52978515625,0.0037258500452850285,0.003818968123173354
2021-11-08,4701.7001953125,0.0008873940607010411,0.00385225032870963
2021-11-09,4685.25,-0.0035049109263987077,0.004355975753871671
2021-11-10,4646.7099609375,-0.008259842163861109,0.005028525062788177
2021-11-11,4649.27001953125,0.0005507883329887164,0.004240415260487715
2021-11-12,4682.85009765625,0.0071966975641295505,0.004655607509636442
2021-11-15,4682.7998046875,-1.0739878016252646e-05,0.004685042349761011
2021-11-16,4700.89990234375,0.003857779057126365,0.004694943529929977
2021-11-17,4688.669921875,-0.0026050154828958227,0.004506114714963499
2021-11-18,4704.5400390625,0.003379064740171245,0.004442717202434588
2021-11-19,4697.9599609375,-0.0013996446049873157,0.004326117200525156
2021-11-22,4682.93994140625,-0.003202258316960638,0.004426021203092564
2021-11-23,4690.7001953125,0.001655761383194232,0.004323417146213661
2021-11-24,4701.4599609375,0.0022912237766679056,0.0031914177078643247
2021-11-26,4594.6201171875,-0.022987011159321113,0.008296622984829237
2021-11-29,4655.27001953125,0.013113836082823127,0.009129789963689596
2021-11-30,4567.0,-0.019143381187848973,0.010839420829907286
2021-12-01,4513.0400390625,-0.01188554145795706,0.010955436925998954
2021-12-02,4577.10009765625,0.014094638396057846,0.012384540318332648
2021-12-03,4538.43017578125,-0.008484455141738678,0.012336677786313066
2021-12-06,4591.669921875,0.011662599309685717,0.013252449766694983
2021-12-07,4686.75,0.02049560318625332,0.01506565782727761
2021-12-08,4701.2099609375,0.0030805355865854978,0.015088920959045547
2021-12-09,4667.4501953125,-0.007206988232523415,0.015242486968807454
2021-12-10,4712.02001953125,0.009503769118209604,0.013310531455847329
2021-12-13,4668.97021484375,-0.009178158342793452,0.01320602963999767
2021-12-14,4634.08984375,-0.0074987228546241624,0.011732912473521824
2021-12-15,4709.85009765625,0.016216267351891744,0.01154564792657219
2021-12-16,4668.669921875,-0.008781863311112303,0.01164828949048987
2021-12-17,4620.64013671875,-0.010340964584054646,0.011846723432954235
2021-12-20,4568.02001953125,-0.011453398323256536,0.011962111090383008
2021-12-21,4649.22998046875,0.01762175538519628,0.011423618147196222
2021-12-22,4696.56005859375,0.010128728029126677,0.011897504602502945
2021-12-23,4725.7900390625,0.006204412685251626,0.01176235686552847
2021-12-27,4791.18994140625,0.013744051573606697,0.01216288648357604
2021-12-28,4786.35009765625,-0.0010106653988870562,0.01161568288100977
2021-12-29,4793.06005859375,0.0014009134018575509,0.011095210567455523
2021-12-30,4778.72998046875,-0.002994233841905114,0.010255720140949503
2021-12-31,4766.18017578125,-0.0026296343734735217,0.009745440558079558
2022-01-03,4796.56005859375,0.006353824170387767,0.00876423897709969
2022-01-04,4793.5400390625,-0.0006298202522039276,0.007210502295494285
2022-01-05,4700.580078125,-0.019583264304500858,0.009195746140294135
2022-01-06,4696.0498046875,-0.000964233740180731,0.00863750651231778
2022-01-07,4677.02978515625,-0.004058441082335662,0.008424034710812114
2022-01-10,4670.2900390625,-0.0014420705375393084,0.006644107211985668
2022-01-11,4713.06982421875,0.00911828645239865,0.0076079926909657525
2022-01-12,4726.35009765625,0.002813792014666916,0.007681500058589813
2022-01-13,4659.02978515625,-0.014346029234399538,0.008712601935882074
2022-01-14,4662.85009765625,0.0008196442695904693,0.008776559423370748
2022-01-18,4577.10986328125,-0.018559105398008313,0.009580338602150273
2022-01-19,4532.759765625,-0.009736790941460072,0.009585072729424228
2022-01-20,4482.72998046875,-0.011098742304332276,0.008526191676503793
2022-01-21,4397.93994140625,-0.01909599532463524,0.009504565645356858
2022-01-24,4410.1298828125,0.0027679047582704897,0.009939277648417432
2022-01-25,4356.4501953125,-0.012246590556866721,0.009990862609566583
2022-01-26,4349.93017578125,-0.0014977569258860512,0.008553673782739154
2022-01-27,4326.509765625,-0.005398635199970414,0.00775512387515647
2022-01-28,4431.85009765625,0.024055967914735632,0.012673567533319977
2022-01-31,4515.5498046875,0.01870982622298456,0.014688696113597589
2022-02-01,4546.5400390625,0.00683956034831823,0.013915255930024408
2022-02-02,4589.3798828125,0.009378400448323276,0.01384412636891889
2022-02-03,4477.43994140625,-0.02469347172011993,0.01572964342926535
2022-02-04,4500.52978515625,0.005143678439862853,0.01428115987658633
2022-02-07,4483.8701171875,-0.003708580927828109,0.014404203252026602
2022-02-08,4521.5400390625,0.008366113466633962,0.013648331387267043
2022-02-09,4587.18017578125,0.014412842079265076,0.013897662877235225
2022-02-10,4504.080078125,-0.01828182448505622,0.015504915524203305
2022-02-11,4418.64013671875,-0.019151682638085532,0.015321056477826441
2022-02-14,4401.669921875,-0.003847990755629027,0.01379617187830377
2022-02-15,4471.06982421875,0.015643717646064204,0.014712734710541332
2022-02-16,4475.009765625,0.0008808197202831991,0.014241308329154703
2022-02-17,4380.259765625,-0.021400504136936505,0.013699488839671384
2022-02-18,4348.8701171875,-0.007191961663865598,0.01351952015754132
2022-02-22,4304.759765625,-0.010194735435016256,0.013689010274032786
2022-02-23,4225.5,-0.01858373574878769,0.013619886322890812
2022-02-24,4288.7001953125,0.014846105252724229,0.013695244396309623
2022-02-25,4384.64990234375,0.022126080551265304,0.01571919979983563
2022-02-28,4373.93994140625,-0.0024455914631271725,0.014624618986903058
2022-03-01,4306.259765625,-0.015594467786611332,0.015331922357274897
2022-03-02,4386.5400390625,0.01847104678065037,0.015718554674314215
2022-03-03,4363.490234375,-0.005268520744245109,0.015717584825612096
2022-03-04,4328.8701171875,-0.007965684543002283,0.014447654002313258
2022-03-07,4201.08984375,-0.029962586814415104,0.017058882236273665
2022-03-08,4170.7001953125,-0.007260043975698238,0.016955022914641533
2022-03-09,4277.8798828125,0.02537359812214035,0.01816784058335783
2022-03-10,4259.52001953125,-0.0043010499202473795,0.01757284224202407
2022-03-11,4204.31005859375,-0.013046278933238398,0.015944869048170624
2022-03-14,4173.10986328125,-0.007448675095533375,0.015962187672504402
2022-03-15,4262.4501953125,0.021182629724146196,0.017349697747620376
2022-03-16,4357.85986328125,0.02213692164839287,0.01783917381957417
2022-03-17,4411.669921875,0.01227220506870097,0.018194075500627807
2022-03-18,4463.1201171875,0.01159481441188781,0.018162803329716024
2022-03-21,4461.18017578125,-0.00043475485430199967,0.014157310173527827
2022-03-22,4511.60986328125,0.01124069955407414,0.013420616939649086
2022-03-23,4456.240234375,-0.012348630252494885,0.013250396606065638
2022-03-24,4520.16015625,0.014242012281618699,0.013243948298712694
2022-03-25,4543.06005859375,0.005053380704236332,0.011480417243274891
2022-03-28,4575.52001953125,0.007119551020043247,0.010189327857708598
2022-03-29,4631.60009765625,0.012182044101392009,0.009379147302689872
2022-03-30,4602.4501953125,-0.0063135889990899585,0.009025891625750218
2022-03-31,4530.41015625,-0.0157763352268816,0.010848182600130664
2022-04-01,4545.85986328125,0.003404420961462762,0.010398160871228333
2022-04-04,4582.64013671875,0.00805838253213409,0.010537916604765883
2022-04-05,4525.1201171875,-0.012631159074006248,0.011074918298853561
2022-04-06,4481.14990234375,-0.009764433912478054,0.010773045796661333
2022-04-07,4500.2099609375,0.004244365552036555,0.009780121550886917
2022-04-08,4488.27978515625,-0.002654546675552538,0.009600964873136228
2022-04-11,4412.52978515625,-0.01702133458469568,0.010283721025840409
2022-04-12,4397.4501953125,-0.003423300530453588,0.008676599325196531
2022-04-13,4446.58984375,0.011112603268902177,0.01006433346361827
2022-04-14,4392.58984375,-0.012218480383507924,0.009633647751020094
2022-04-18,4391.68994140625,-0.00020488927240691623,0.009428755506734445
2022-04-19,4462.2099609375,0.015930044749387307,0.010734493882726086
2022-04-20,4459.4501953125,-0.0006186664061829106,0.010151365828571363
2022-04-21,4393.66015625,-0.014862855551310616,0.010726429314734382
2022-04-22,4271.77978515625,-0.02813207637736781,0.013234670827508115
2022-04-25,4296.1201171875,0.0056817651441125605,0.013668896443029531
2022-04-26,4175.2001953125,-0.028550008928597492,0.015248833240196248
2022-04-27,4183.9599609375,0.0020958490249647355,0.015432274703715849
2022-04-28,4287.5,0.024445655340832317,0.01742420872887983
2022-04-29,4131.93017578125,-0.03695915978469522,0.020296761762454693
2022-05-02,4155.3798828125,0.005659199293818418,0.020569446051807855
2022-05-03,4175.47998046875,0.004825465075359858,0.01955694589045935
2022-05-04,4300.169921875,0.029425221557326964,0.02264836650869542
2022-05-05,4146.8701171875,-0.036300677564099715,0.024746426172653806
2022-05-06,4123.33984375,-0.005690384413952643,0.023479398969843145
2022-05-09,3991.239990234375,-0.03256151953960362,0.02488360498985417
2022-05-10,4001.050048828125,0.002454881760408867,0.02386069179933566
2022-05-11,3935.179931640625,-0.01660023209569772,0.024039096012767464
2022-05-12,3930.080078125,-0.0012968049941122217,0.021661837666900184
2022-05-13,4023.889892578125,0.023589267956868554,0.02134649427116913
2022-05-16,4008.010009765625,-0.003954208517722435,0.02114626380856807
2022-05-17,4088.85009765625,0.019968919581462075,0.02232682353878083
2022-05-18,3923.679931640625,-0.041233809291247425,0.022423242034675057
2022-05-19,3900.7900390625,-0.005850864777348974,0.020294992678397916
2022-05-20,3901.360107421875,0.0001461310919914638,0.020392330854142694
2022-05-23,3973.75,0.018384995412059624,0.019220022153774295
2022-05-24,3941.47998046875,-0.008153950903556861,0.01933497346324438
2022-05-25,3978.72998046875,0.009406385648931703,0.018820412990148108
2022-05-26,4057.840087890625,0.019688166007719943,0.01967396589907476
2022-05-27,4158.240234375,0.024441130195821614,0.01977365456273554
2022-05-31,4132.14990234375,-0.006294135193666506,0.01988237514599311
2022-06-01,4101.22998046875,-0.007510905041154814,0.019170476963698065
2022-06-02,4176.81982421875,0.018263225415545037,0.013127239417776186
2022-06-03,4108.5400390625,-0.01648240560981762,0.014567814628021643
2022-06-06,4121.43017578125,0.003132489407036587,0.014483318744878182
2022-06-07,4160.68017578125,0.009478331531719064,0.013862608263284079
2022-06-08,4115.77001953125,-0.010852623040154441,0.014161458219759983
2022-06-09,4017.820068359375,-0.024086457665156047,0.016580668699582392
2022-06-10,3900.860107421875,-0.0295424148114094,0.01768017163132136
2022-06-13,3749.6298828125,-0.039539931990040245,0.017842263212604684
2022-06-14,3735.47998046875,-0.0037808180394893753,0.017923159706668964
2022-06-15,3789.989990234375,0.014487058836534672,0.01955118799504325
2022-06-16,3666.77001953125,-0.03305220711384038,0.018636335534873115
2022-06-17,3674.840087890625,0.0021984473410121552,0.019179497473395382
2022-06-21,3764.7900390625,0.02418247496067316,0.021886086174561212
2022-06-22,3759.889892578125,-0.0013024200953584142,0.021124216818580257
2022-06-23,3795.72998046875,0.009487072485557135,0.022007535742201285
2022-06-24,3911.739990234375,0.0301055397299006,0.02419562221915768
2022-06-27,3900.110107421875,-0.0029774998903402405,0.022302355418108055
2022-06-28,3821.550048828125,-0.02034867314949551,0.019122776948157658
2022-06-29,3818.830078125,-0.0007119988201722549,0.019045953469460145
2022-06-30,3785.3798828125,-0.008797866246368358,0.018799566432717605
2022-07-01,3825.330078125,0.0104985112966407,0.014979684404034615
2022-07-05,3831.389892578125,0.001582875106192816,0.014990236858999365
2022-07-06,3845.080078125,0.003566795705065573,0.013248912609052125
2022-07-07,3902.6201171875,0.0148537231809307,0.013761667342481767
2022-07-08,3899.3798828125,-0.0008306163961275814,0.01366819333342113
2022-07-11,3854.429931640625,-0.01159441766052538,0.010329353524666985
2022-07-12,3818.800048828125,-0.009286868497493828,0.010619872885721074
2022-07-13,3801.780029296875,-0.004466864111815738,0.008580454421021486
2022-07-14,3790.3798828125,-0.0030031388127653713,0.008616702434007917
2022-07-15,3863.159912109375,0.01901923165863373,0.010092792724909708
2022-07-18,3830.85009765625,-0.008398742485836053,0.010100939585001882
2022-07-19,3936.68994140625,0.027253517643730518,0.013271557169286807
2022-07-20,3959.89990234375,0.005878493941057883,0.01330819752612772
2022-07-21,3998.949951171875,0.009813066689504879,0.012895990042776034
2022-07-22,3961.6298828125,-0.009376287293813235,0.013409598442294437
2022-07-25,3966.840087890625,0.0013143029733058142,0.012596735457183953
2022-07-26,3921.050048828125,-0.011610342599263745,0.012864561232005411
2022-07-27,4023.610107421875,0.025820048778628646,0.014469927039709387
2022-07-28,4072.429931640625,0.012060319791912022,0.014248978864652265
2022-07-29,4130.2900390625,0.014107775781754484,0.013875194075719351
2022-08-01,4118.6298828125,-0.002827076544916096,0.013302178266459555
2022-08-02,4091.18994140625,-0.006684688378872039,0.011883400874985064
2022-08-03,4155.169921875,0.015517456270091046,0.012443959680748717
2022-08-04,4151.93994140625,-0.0007776424495844481,0.012421831983373615
2022-08-05,4145.18994140625,-0.0016270690189177373,0.011734363672487336
2022-08-08,4140.06005859375,-0.0012383171221213018,0.011839365949739854
2022-08-09,4122.47021484375,-0.004257744235927063,0.010937229190982785
2022-08-10,4210.240234375,0.021067158460407853,0.009995084670416517
2022-08-11,4207.27001953125,-0.0007057229222020567,0.009738970517796165
2022-08-12,4280.14990234375,0.017174046951492272,0.010157810607126862
2022-08-15,4297.14013671875,0.003961684056234205,0.009906973238058874
2022-08-16,4305.2001953125,0.0018739228259470053,0.009202702951498498
2022-08-17,4274.0400390625,-0.007264114867647109,0.00915666063946736
2022-08-18,4283.740234375,0.0022669896063849393,0.009073967288021595
2022-08-19,4228.47998046875,-0.012983928713039106,0.010355092321741002
2022-08-22,4137.990234375,-0.0216323664664948,0.012784666576929398
2022-08-23,4128.72998046875,-0.0022403704344373665,0.01272667782919229
2022-08-24,4140.77001953125,0.0029119166987232603,0.01051410245675666
2022-08-25,4199.1201171875,0.013993241836107728,0.011631069876869411
2022-08-26,4057.659912109375,-0.03426857631703939,0.014190528669918332
2022-08-29,4030.610107421875,-0.006688675197326077,0.01380955268488479
2022-08-30,3986.159912109375,-0.011089416492115589,0.013552280887799919
2022-08-31,3955.0,-0.007847738208154098,0.013551454095947197
2022-09-01,3966.85009765625,0.002991752267195835,0.013612825839884907
2022-09-02,3924.260009765625,-0.010794552570724036,0.013535526928251445
2022-09-06,3908.18994140625,-0.004103464690896175,0.012599848512661304
2022-09-07,3979.8701171875,0.018174848666170362,0.014703445191799464
2022-09-08,4006.179931640625,0.006588966880441305,0.014930615843941997
2022-09-09,4067.360107421875,0.015156014981211996,0.015084034309890075
2022-09-12,4110.41015625,0.010528651483996398,0.010899671215548747
2022-09-13,3932.68994140625,-0.044199163031974464,0.01805623763234354
2022-09-14,3946.010009765625,0.003381289078845384,0.017866623385188025
2022-09-15,3901.35009765625,-0.011382272168150465,0.018050883682901375
2022-09-16,3873.330078125,-0.007208049775663028,0.01806546670288225
2022-09-19,3899.889892578125,0.00683369772470499,0.018013776624530634
2022-09-20,3855.929931640625,-0.011336114736598901,0.018311781743812212
2022-09-21,3789.929931640625,-0.017264674098507626,0.017526556761195352
2022-09-22,3757.989990234375,-0.008463293830454077,0.017071618558189394
2022-09-23,3693.22998046875,-0.017382828767329883,0.015539714236560927
2022-09-26,3655.0400390625,-0.010394360890281007,0.013836239149064625
2022-09-27,3647.2900390625,-0.0021226109548244665,0.008061979503027386
2022-09-28,3719.0400390625,0.0194811441811531,0.011400346246772733
2022-09-29,3640.469970703125,-0.021352794823098264,0.01232894589961935
2022-09-30,3585.6201171875,-0.015181351546209143,0.012604320250436998
2022-10-03,3678.429931640625,0.02555457753092938,0.015951653731940872
2022-10-04,3790.929931640625,0.030125341416800566,0.019385009265442624
2022-10-05,3783.280029296875,-0.0020199875589383964,0.018608878169355345
2022-10-06,3744.52001953125,-0.010297922911394863,0.018708441426782844
2022-10-07,3639.659912109375,-0.02840319653147816,0.0200958028715192
2022-10-10,3612.389892578125,-0.007520673133653233,0.019974042040476002
2022-10-11,3588.840087890625,-0.006540518412323948,0.020046089385998167
2022-10-12,3577.030029296875,-0.0032961996501654767,0.01862640054160119
2022-10-13,3669.909912109375,0.025634259307631524,0.019632023355728872
2022-10-14,3583.070068359375,-0.02394712074452876,0.02059712717976279
2022-10-17,3677.949951171875,0.02613552455756185,0.02067809618244531
2022-10-18,3719.97998046875,0.01136276820708737,0.0183609978145303
2022-10-19,3695.159912109375,-0.006694455239685482,0.018424088932758473
2022-10-20,3665.780029296875,-0.007982686738765565,0.01832750330982518
2022-10-21,3752.75,0.023447759860447448,0.017377093794945717
2022-10-24,3797.340087890625,0.011811940205111782,0.017143014473630373
2022-10-25,3859.110107421875,0.01613577001587352,0.01694651262796714
2022-10-26,3830.60009765625,-0.007415140398988385,0.01727842156915488
2022-10-27,3807.300048828125,-0.006101185053184466,0.016333310833126027
2022-10-28,3901.06005859375,0.024328036770855377,0.014265264820205124
2022-10-31,3871.97998046875,-0.007482327030336577,0.013593616039678453
2022-11-01,3856.10009765625,-0.00410966372035837,0.01368699230487176
2022-11-02,3759.68994140625,-0.025319843737483083,0.016266748958526478
2022-11-03,3719.889892578125,-0.010642422531956797,0.016463778308880135
2022-11-04,3770.550048828125,0.013526823285562983,0.015245812248290027
2022-11-07,3806.800048828125,0.009568061679360085,0.01507595250339669
2022-11-08,3828.110107421875,0.0055822828287599435,0.014183213627525573
2022-11-09,3748.570068359375,-0.020996784712302485,0.015477576164423662
2022-11-10,3956.3701171875,0.05395251566479686,0.023402278674959955
2022-11-11,3992.929931640625,0.009198312304770084,0.022398117572633228
2022-11-14,3957.25,-0.008975940544917904,0.02247565002037429
2022-11-15,3991.72998046875,0.008675376414668534,0.0224418272996021
2022-11-16,3958.7900390625,-0.008286283111873516,0.02058454051401183
2022-11-17,3946.56005859375,-0.0030941046442301,0.020072708996678266
2022-11-18,3965.340087890625,0.004747295648158456,0.01989399390778136
2022-11-21,3949.93994140625,-0.0038912498002758866,0.02000835583672041
2022-11-22,4003.580078125,0.013488606269829617,0.020246183802202555
2022-11-23,4027.260009765625,0.005897266041737126,0.018164951831224536
2022-11-25,4026.1201171875,-0.0002830842622021379,0.007764676941051306
2022-11-28,3963.93994140625,-0.015564696794065469,0.00897833614152925
2022-11-29,3957.6298828125,-0.001593133701623728,0.008516481346182204
2022-11-30,4080.110107421875,0.030478643521295368,0.012730116573975938
2022-12-01,4076.570068359375,-0.000868009829606109,0.012259235744951434
2022-12-02,4071.699951171875,-0.0011953746637622942,0.012169914878608747
2022-12-05,3998.840087890625,-0.01805624963097152,0.013851678242323152
2022-12-06,3941.260009765625,-0.014503869422986426,0.014638741363196083
2022-12-07,3933.919921875,-0.0018641072533824854,0.01382365789867565
2022-12-08,3963.510009765625,0.007493634413933137,0.013930652526258481
2022-12-09,3934.3798828125,-0.00737671946421159,0.014036595209252902
2022-12-12,3990.56005859375,0.014178307299649973,0.014065910642412608
2022-12-13,4019.64990234375,0.007263223255456808,0.014185932299262705
2022-12-14,3995.320068359375,-0.0060711166238363035,0.009995300374525529
2022-12-15,3895.75,-0.0252374779018254,0.012353995658676694
2022-12-16,3852.360107421875,-0.011200239946012047,0.012457991422864868
2022-12-19,3817.659912109375,-0.009048328941103634,0.011758239775337187
2022-12-20,3821.6201171875,0.0010368006978893618,0.011328338160081684
2022-12-21,3878.43994140625,0.014758548669055571,0.012667420516243626
2022-12-22,3822.389892578125,-0.014557142498146547,0.012861073850696543
2022-12-23,3844.820068359375,0.005850952271915233,0.013110204231148219
2022-12-27,3829.25,-0.0040578440346585865,0.011761992564280437
2022-12-28,3783.219970703125,-0.012093470442948728,0.01126147848533156
2022-12-29,3849.280029296875,0.017310634314993578,0.013470107717659727
2022-12-30,3839.5,-0.002543975646110752,0.011155698095246625
2023-01-03,3824.139892578125,-0.004008572481273731,0.010679247200576614
2023-01-04,3852.969970703125,0.007510694562139264,0.010529771252855919
2023-01-05,3808.10009765625,-0.011713869136457333,0.011260771082041373
2023-01-06,3895.080078125,0.022583835589031764,0.012617812280475465
2023-01-09,3892.090087890625,-0.0007679273259917352,0.011502370553088248
2023-01-10,3919.25,0.006953997970594372,0.011550647029731834
2023-01-11,3969.610107421875,0.012767571192293659,0.01180617496776338
2023-01-12,3983.169921875,0.0034100849120424215,0.010457269081456643
2023-01-13,3999.090087890625,0.003988892144656475,0.009544731788965043
2023-01-17,3990.969970703125,-0.0020325554309970073,0.00950815544166531
2023-01-18,3928.860107421875,-0.015684966977744352,0.011157049899612751
2023-01-19,3898.85009765625,-0.0076676719018120565,0.011458491535512308
2023-01-20,3972.610107421875,0.01874167355235201,0.011694500180154449
2023-01-23,4019.81005859375,0.011811315951328893,0.01021896460641471
2023-01-24,4016.949951171875,-0.0007117563642928815,0.010216585652078695
2023-01-25,4016.219970703125,-0.0001817415734652883,0.010171065295107426
2023-01-26,4060.429931640625,0.010947708029114267,0.00998032046226358
2023-01-27,4070.56005859375,0.0024917340217047723,0.009972805752042596
2023-01-30,4017.77001953125,-0.01305356931529289,0.011027867755997551
2023-01-31,4076.60009765625,0.014536304416418844,0.0118265342784185
2023-02-01,4119.2099609375,0.010398056296885727,0.010231366460379228
2023-02-02,4179.759765625,0.014592384626853416,0.009638392134820626
2023-02-03,4136.47998046875,-0.010408592637284997,0.010076436764606282
2023-02-06,4111.080078125,-0.006159393193939877,0.010139194250778735
2023-02-07,4164.0,0.012790364037398305,0.010590655453094181
2023-02-08,4117.85986328125,-0.011142573012412171,0.01154884929331602
2023-02-09,4081.5,-0.008869009831038,0.011637934303768012
2023-02-10,4090.4599609375,0.0021928557092181222,0.011632683648769173
2023-02-13,4137.2900390625,0.011383569951155081,0.011022761474297798
2023-02-14,4136.1298828125,-0.00028045385549368973,0.010258870963988361
2023-02-15,4147.60009765625,0.002769337533075955,0.009792564335594943
2023-02-16,4090.409912109375,-0.013884689204880729,0.009433511622318216
2023-02-17,4079.090087890625,-0.002771242172283195,0.008990333145563297
2023-02-21,3997.340087890625,-0.02024478397347096,0.010750452614062277
2023-02-22,3991.050048828125,-0.001574795485643321,0.009296315233139613
2023-02-23,4012.320068359375,0.005315278263237744,0.009395251392483225
2023-02-24,3970.0400390625,-0.010593464619775617,0.009537917287478919
2023-02-27,3982.239990234375,0.0030682925395524308,0.009592380347197341
2023-02-28,3970.14990234375,-0.0030406198309478327,0.00823020727918387
2023-03-01,3951.389892578125,-0.0047364642034928295,0.00811888072100728
2023-03-02,3981.35009765625,0.007553593731197239,0.008718219765583457
2023-03-03,4045.639892578125,0.016018749176483382,0.010017338829391787
2023-03-06,4048.419921875,0.0006869307788477386,0.010012945199732745
2023-03-07,3986.3701171875,-0.015445590479263416,0.009043030344784505
2023-03-08,3992.010009765625,0.0014137941356029415,0.009044678173269243
2023-03-09,3918.320068359375,-0.018631857945480945,0.010535416979371666
2023-03-10,3861.590087890625,-0.014583969436067434,0.010948937379978665
2023-03-13,3855.760009765625,-0.0015109018407386543,0.010771972128996742
2023-03-14,3919.2900390625,0.016342388235363714,0.012426222863650258
2023-03-15,3891.929931640625,-0.007005363929353692,0.01251654300136562
2023-03-16,3960.280029296875,0.01740957624903139,0.01364707903667778
2023-03-17,3916.639892578125,-0.011080621273952929,0.012649848355543853
2023-03-20,3951.570068359375,0.0088788696359412,0.013186325411947362
2023-03-21,4002.8701171875,0.012898647518557738,0.013121845666940014
2023-03-22,3936.969970703125,-0.016600248639841553,0.014164297811607659
2023-03-23,3948.719970703125,0.0029800838691826925,0.012826547805604148
2023-03-24,3970.989990234375,0.005623963084302019,0.011678795880044949
2023-03-27,3977.530029296875,0.0016455995637674192,0.011591860312878342
2023-03-28,3971.27001953125,-0.0015750832883885124,0.010667009863530696
2023-03-29,4027.81005859375,0.014136870775047328,0.010926170933273827
2023-03-30,4050.830078125,0.0056989991994829126,0.009834623085120477
2023-03-31,4109.31005859375,0.014333327782036775,0.009271512520282231
2023-04-03,4124.509765625,0.0036920225658025885,0.009162547033796044
2023-04-04,4100.60009765625,-0.0058138397451621415,0.009118279191748858
2023-04-05,4090.3798828125,-0.0024954816571209903,0.006591287932577928
2023-04-06,4105.02001953125,0.0035727731328023538,0.0065855320099420965
2023-04-10,4109.10986328125,0.000995807017009298,0.006612076433788968
2023-04-11,4108.93994140625,-4.135333298194155e-05,0.006683485815307848
2023-04-12,4091.949951171875,-0.004143456323461692,0.006934174900498017
2023-04-13,4146.22021484375,0.013175510497831056,0.006767170480876963
2023-04-14,4137.64013671875,-0.002071517584578686,0.00685528942628806
2023-04-17,4151.31982421875,0.003300703582615583,0.005405964933384395
2023-04-18,4154.8701171875,0.0008548548034656989,0.00532380782527303
2023-04-19,4154.52001953125,-8.426554794027652e-05,0.004825922986170849
2023-04-20,4129.7900390625,-0.005970335188310472,0.005237626779443171
2023-04-21,4133.52001953125,0.0009027812573005889,0.005157005919336355
2023-04-24,4137.0400390625,0.000851216778272601,0.00515626172040916
2023-04-25,4071.6298828125,-0.01593718381857734,0.007375212256928712
2023-04-26,4055.989990234375,-0.003848583503344827,0.007361434189782353
2023-04-27,4135.35009765625,0.019377193402696946,0.008798359104163623
2023-04-28,4169.47998046875,0.008219331313243927,0.00915774806483514
2023-05-01,4167.8701171875,-0.0003861810485101813,0.009118521117620189
2023-05-02,4119.580078125,-0.0116539066805732,0.009875428217773315
2023-05-03,4090.75,-0.007022908054892696,0.010057496773009494
2023-05-04,4061.219970703125,-0.007244913455062729,0.010127615732056384
2023-05-05,4136.25,0.018306166381879763,0.011950861646100052
2023-05-08,4138.1201171875,0.00045202648488285035,0.01194861396422612
2023-05-09,4119.169921875,-0.004589938949060013,0.01074207551118524
2023-05-10,4137.64013671875,0.004473942241913775,0.010632684126880232
2023-05-11,4130.6201171875,-0.001698064889705364,0.008720896330821652
2023-05-12,4124.080078125,-0.001584561589439204,0.008216406929066776
2023-05-15,4136.27978515625,0.002953797680316228,0.008315699802232035
2023-05-16,4109.89990234375,-0.006398107681917509,0.0076935418121097275
2023-05-17,4158.77001953125,0.011820688622071529,0.008140985090356951
2023-05-18,4198.0498046875,0.009400723063727412,0.00781563313307989
2023-05-19,4191.97998046875,-0.0014469138806756376,0.005855925502801455
2023-05-22,4192.6298828125,0.0001550226798023857,0.0058616706938478475
2023-05-23,4145.580078125,-0.011285468768283735,0.006900629848963571
2023-05-24,4115.240234375,-0.0073455126783059654,0.0071774836183413565
2023-05-25,4151.27978515625,0.008719456079012033,0.007726214714215187
2023-05-26,4205.4501953125,0.01296468093164016,0.008609658794993064
2023-05-30,4205.52001953125,1.6603130665870935e-05,0.008621847322638264
2023-05-31,4179.830078125,-0.006127358186214238,0.008594111132601561
2023-06-01,4221.02001953125,0.00980621508585422,0.0083503405622638
2023-06-02,4282.3701171875,0.014429812390106989,0.009005717437116999
2023-06-05,4273.7900390625,-0.002005591490657821,0.009031095522108743
2023-06-06,4283.85009765625,0.0023511302338512508,0.00900973829910046
2023-06-07,4267.52001953125,-0.003819293926420997,0.008028345216849685
2023-06-08,4293.93017578125,0.006169571607523849,0.007207784433221026
2023-06-09,4298.85986328125,0.0011474010230507758,0.007082794512898062
2023-06-12,4338.93017578125,0.009277974981754866,0.006615555379063422
2023-06-13,4369.009765625,0.006908570725908447,0.006614784654233024
2023-06-14,4372.58984375,0.000819089980126364,0.005764972113384453
2023-06-15,4425.83984375,0.012104580493589978,0.006038953105301091
2023-06-16,4409.58984375,-0.0036783764677519315,0.005500968222325907
2023-06-20,4388.7099609375,-0.004746353835235695,0.005832355698902649
2023-06-21,4365.68994140625,-0.005259086366924848,0.006349736123425379
2023-06-22,4381.89013671875,0.003703930387334964,0.006035731809400499
2023-06-23,4348.330078125,-0.007688288056503012,0.006691730050646514
2023-06-26,4328.81982421875,-0.0044969343631322545,0.006935777650634947
2023-06-27,4378.41015625,0.011390733524182295,0.007251299141314754
2023-06-28,4376.85986328125,-0.000354139388390351,0.006940311821175893
2023-06-29,4396.43994140625,0.004463568114490002,0.007072066978346454
2023-06-30,4450.3798828125,0.0121943502618862,0.007088410123426777
2023-07-03,4455.58984375,0.0011699930926720725,0.006930897534760492
2023-07-05,4446.81982421875,-0.0019702580976126427,0.006726048028537533
2023-07-06,4411.58984375,-0.007954061175894367,0.0070642305452662145
2023-07-07,4398.9501953125,-0.002869212795733489,0.007095165813936976
2023-07-10,4409.52978515625,0.0024021386106269915,0.0065124619823270224
2023-07-11,4439.259765625,0.0067195839982545635,0.006348280613452421
2023-07-12,4472.16015625,0.007383905235389676,0.005831545833305201
2023-07-13,4510.0400390625,0.008434482989626346,0.006074669840613749
2023-07-14,4505.419921875,-0.0010249321969073577,0.006174609344163122
2023-07-17,4522.7900390625,0.0038479695744211284,0.00519769786791913
2023-07-18,4554.97998046875,0.007092066941428499,0.005471644180861175
2023-07-19,4565.72021484375,0.002355134827233485,0.005272135994298253
2023-07-20,4534.8701171875,-0.006779827396258042,0.005016892908726195
2023-07-21,4536.33984375,0.0003240420146131129,0.004711378739442641
2023-07-24,4554.64013671875,0.004026038496874662,0.004713577914885283
2023-07-25,4567.4599609375,0.0028107195758391157,0.004552073638948529
2023-07-26,4566.75,-0.00015545097867608604,0.004336393537738529
2023-07-27,4537.41015625,-0.0064453930551966465,0.004469503878257471
2023-07-28,4582.22998046875,0.009829375810433305,0.005275079943610968
2023-07-31,4588.9599609375,0.0014676354365690258,0.0052203283842633735
2023-08-01,4576.72998046875,-0.0026686453076827377,0.004954427243573219
2023-08-02,4513.39013671875,-0.01393620063833545,0.006654727541415434
2023-08-03,4501.89013671875,-0.0025512254502917386,0.006386377761627335
2023-08-04,4478.02978515625,-0.005314169373939137,0.006530254886989547
2023-08-07,4518.43994140625,0.008983618964856888,0.007138816271545524
2023-08-08,4499.3798828125,-0.004227205100058029,0.007090275069759658
2023-08-09,4467.7099609375,-0.007063619102046559,0.007278563446624351
2023-08-10,4468.830078125,0.0002506825210808472,0.007150732518204494
2023-08-11,4464.0498046875,-0.0010702648992282349,0.005959545431887941
2023-08-14,4489.72021484375,0.005734004879418109,0.006419119287812376
2023-08-15,4437.85986328125,-0.011618139396096794,0.007083340256943924
2023-08-16,4404.330078125,-0.00758408179262382,0.006235864054201942
2023-08-17,4370.35986328125,-0.00774281137752908,0.006457755650931756
2023-08-18,4369.7099609375,-0.00014871788395787178,0.006455576246540756
2023-08-21,4399.77001953125,0.006855634859800119,0.006059797204000539
2023-08-22,4387.5498046875,-0.002781331046545432,0.006035487751962529
2023-08-23,4436.009765625,0.010984330710790857,0.007124920668094108
2023-08-24,4376.31005859375,-0.013549353984007695,0.008176560916574581
2023-08-25,4405.7099609375,0.0066955010602960385,0.008640035941732835
2023-08-28,4433.31005859375,0.006245078594195874,0.008687748052331102
2023-08-29,4497.6298828125,0.014404068712057239,0.009127964271312086
2023-08-30,4514.8701171875,0.003825854181192412,0.008585832227210176
2023-08-31,4507.66015625,-0.0015982129743399298,0.00797087343644303
2023-09-01,4515.77001953125,0.0017975127655187606,0.007906418424997688
2023-09-05,4496.830078125,-0.004202997821382226,0.008122388377323384
2023-09-06,4465.47998046875,-0.006996014491431168,0.008508714848319951
2023-09-07,4451.14013671875,-0.003216433115733608,0.00796597538114455
2023-09-08,4457.490234375,0.0014256060622575006,0.0062975774338950505
2023-09-11,4487.4599609375,0.006700951498135765,0.006298044772566034
2023-09-12,4461.89990234375,-0.005712169023004421,0.00650031102671009
2023-09-13,4467.43994140625,0.0012408621175339363,0.004396273528239649
2023-09-14,4505.10009765625,0.008394585533666898,0.005097316094212674
2023-09-15,4450.31982421875,-0.01223414584249305,0.006368701863990464
2023-09-18,4453.52978515625,0.0007210276941744809,0.0063198095358735105
2023-09-19,4443.9501953125,-0.002153327361533286,0.006251229299346341
2023-09-20,4402.2001953125,-0.009439204206291407,0.006544532267623817
2023-09-21,4330.0,-0.016536918318488247,0.008116075722868462
2023-09-22,4320.06005859375,-0.0022982374027602503,0.007987134132953688
2023-09-25,4337.43994140625,0.004014994203807021,0.007658124218832774
2023-09-26,4273.52978515625,-0.014844165482264415,0.008466277126683823
2023-09-27,4274.509765625,0.00022928777229402897,0.008398309252431737
2023-09-28,4299.7001953125,0.005875877143001418,0.007999782144273028
2023-09-29,4288.0498046875,-0.0027132596482903892,0.0075531408310216125
2023-10-02,4288.39013671875,7.936440615274876e-05,0.007513897447234169
2023-10-03,4229.4501953125,-0.013839395863447734,0.008117542985022201
2023-10-04,4263.75,0.008077047607828902,0.00889332054594094
2023-10-05,4258.18994140625,-0.0013048811469964505,0.007558667503258127
2023-10-06,4308.5,0.01174564209396145,0.008654661183940156
2023-10-09,4335.66015625,0.0062840681193883086,0.00880781785050218
2023-10-10,4358.240234375,0.005194476099985579,0.007198166022917679
2023-10-11,4376.9501953125,0.004283819500095376,0.007203859360911394
2023-10-12,4349.60986328125,-0.006266024940655868,0.0075613462312587995
2023-10-13,4327.77978515625,-0.005031495660219321,0.007726816550193289
2023-10-16,4373.6298828125,0.010538642302590162,0.008287593739438843
2023-10-17,4373.2001953125,-9.824987944462293e-05,0.006268673337821174
2023-10-18,4314.60009765625,-0.01349040825115111,0.007944762746561916
2023-10-19,4278.0,-0.008519032328058174,0.008503892548853665
2023-10-20,4224.16015625,-0.012665149196156023,0.008408746434628992
2023-10-23,4217.0400390625,-0.0016869920654354331,0.007901119871310982
2023-10-24,4247.68017578125,0.007239523519629643,0.008152744912780254
2023-10-25,4186.77001953125,-0.014443434657238186,0.008545012861224544
2023-10-26,4137.22998046875,-0.011903081205584698,0.008858864195471775
2023-10-27,4117.3701171875,-0.004811838578621774,0.00885906618504123
2023-10-30,4166.81982421875,0.011938474300286828,0.009138254441633844
2023-10-31,4193.7998046875,0.006454084821687189,0.009731967726140458
2023-11-01,4237.85986328125,0.010451194990192647,0.010126365818806366
2023-11-02,4317.77978515625,0.018682938934086124,0.011657176192968662
2023-11-03,4358.33984375,0.009349883544551574,0.010856656754967832
2023-11-06,4365.97998046875,0.0017514577241009022,0.010741082854899253
2023-11-07,4378.3798828125,0.002836093401711537,0.01065936918965311
2023-11-08,4382.77978515625,0.001004411032420549,0.008803408588967708
2023-11-09,4347.35009765625,-0.00811669069906884,0.008066497668837045
2023-11-10,4415.240234375,0.01549575927077207,0.007889040609478882
2023-11-13,4411.5498046875,-0.0008361884413705667,0.008030783984722387
2023-11-14,4495.7001953125,0.01889537047457779,0.009057412660895799
2023-11-15,4502.8798828125,0.001595738207846864,0.009109967444299741
2023-11-16,4508.240234375,0.0011897193967129738,0.008034017686895071
2023-11-17,4514.02001953125,0.001281227937178997,0.007875965280263677
2023-11-20,4547.3798828125,0.007363103793794679,0.007936454734219202
2023-11-21,4538.18994140625,-0.002022975931756932,0.008165883649601163
2023-11-22,4556.6201171875,0.004052905094313886,0.008115591210266391
2023-11-24,4559.33984375,0.000596695609644371,0.007085680768637405
2023-11-27,4550.43017578125,-0.001956069316898734,0.006247612076974092
2023-11-28,4554.89013671875,0.0009796385280509412,0.006148818959032586
2023-11-29,4550.580078125,-0.0009466966151023826,0.002821615786629829
2023-11-30,4567.7998046875,0.003776931264994232,0.0029364321079187834
2023-12-01,4594.6298828125,0.0058565589538464025,0.003248058172609313
2023-12-04,4569.77978515625,-0.005423188063826245,0.003995485974923574
2023-12-05,4567.18017578125,-0.0005690315939350654,0.00338244171714051
2023-12-06,4549.33984375,-0.003913851944943758,0.0035820471402926153
2023-12-07,4585.58984375,0.007936610684822654,0.004198266166386244
2023-12-08,4604.3701171875,0.004087134146503857,0.004337626771554231
2023-12-11,4622.43994140625,0.003916813547780507,0.0042928547749642165
2023-12-12,4643.7001953125,0.004588812795692121,0.004388353853716935
2023-12-13,4707.08984375,0.013558345175020747,0.005569689497451631
2023-12-14,4719.5498046875,0.0026435651851546282,0.0055722799095553445
2023-12-15,4719.18994140625,-7.625240044895065e-05,0.00558189922886903
2023-12-18,4740.56005859375,0.004518122263400315,0.004811490279294346
2023-12-19,4768.3701171875,0.00584926745082015,0.0046070815374320605
2023-12-20,4698.35009765625,-0.01479314796530673,0.007276354827579791
2023-12-21,4746.75,0.01024876930727281,0.007476757276012312
2023-12-22,4754.6298828125,0.0016586821527599938,0.007493333021897015
2023-12-26,4774.75,0.004222761046978718,0.007497157261742745
2023-12-27,4781.580078125,0.0014294356164228361,0.007500658803129493
2023-12-28,4783.35009765625,0.00037010611032783913,0.006518611085539474
2023-12-29,4769.830078125,-0.002830477036734891,0.006650415763561253
2024-01-02,4742.830078125,-0.005676660799721844,0.0069841429805175825
2024-01-03,4704.81005859375,-0.008048618327197943,0.0073040145266669914
2024-01-04,4688.68017578125,-0.0034342716633180004,0.006952573274194313
2024-01-05,4697.240234375,0.0018240216394342923,0.005248624208509612
2024-01-08,4763.5400390625,0.01401594543635376,0.0061291724821718905
2024-01-09,4756.5,-0.001478993852318311,0.006135219567908855
2024-01-10,4783.4501953125,0.005649980650495934,0.006258708572239145
2024-01-11,4780.240234375,-0.0006712808369613299,0.00624743311795449
2024-01-12,4783.830078125,0.0007506937530337154,0.006251286043591937
2024-01-16,4765.97998046875,-0.0037383190523563314,0.006303494837907645
2024-01-17,4739.2099609375,-0.005632731271107971,0.006299175518770657
2024-01-18,4780.93994140625,0.008766720726242738,0.006177774069218627
2024-01-19,4839.81005859375,0.012238308232548789,0.00672134664900489
2024-01-22,4850.43017578125,0.002191921187231216,0.006714148916527412
2024-01-23,4864.60009765625,0.0029171153407645534,0.005544765984599942
2024-01-24,4868.5498046875,0.000811598976216743,0.005426570267726612
2024-01-25,4894.16015625,0.005246578134979529,0.0054005717465599465
2024-01-26,4890.97021484375,-0.0006519977554262368,0.005399401005048487
2024-01-29,4927.93017578125,0.007528365505246271,0.005606140070170763
2024-01-30,4924.97021484375,-0.0006008303969800011,0.0052666481130549635
2024-01-31,4845.64990234375,-0.016236851740732305,0.00774522177279888
2024-02-01,4906.18994140625,0.012416286114049768,0.008162658415309727
2024-02-02,4958.60986328125,0.01062777072263188,0.007964537579301774
2024-02-05,4942.81005859375,-0.0031914247092839076,0.008161539491679625
2024-02-06,4954.22998046875,0.0023077459317484283,0.00815526336624412
2024-02-07,4995.06005859375,0.008207682594008503,0.008385209363592114
2024-02-08,4997.91015625,0.0005704205400913764,0.008349381711427033
2024-02-09,5026.60986328125,0.005725917128794222,0.008359589994294534
2024-02-12,5021.83984375,-0.0009494041426520994,0.008248666850752541
2024-02-13,4953.169921875,-0.013768609419845035,0.009626084734172593
2024-02-14,5000.6201171875,0.009534168304217161,0.007925878368407573
2024-02-15,5029.72998046875,0.005804372674040437,0.007319381507847238
2024-02-16,5005.56982421875,-0.0048150435759612975,0.007034482926507113
2024-02-20,4975.509765625,-0.006023426465818105,0.0072723891266487884
2024-02-21,4981.7998046875,0.001263401495103622,0.0072535620643983615
2024-02-22,5087.02978515625,0.020902888666403996,0.009503712623541494
2024-02-23,5088.7998046875,0.0003478870265016809,0.009507235181297534
2024-02-26,5069.52978515625,-0.0037939392446677545,0.009547230126232617
2024-02-27,5078.18017578125,0.0017048955387206632,0.009528516671846224
2024-02-28,5069.759765625,-0.0016595313211116292,0.008087239023913728
2024-02-29,5096.27001953125,0.00521547045579851,0.007768612413283249
2024-03-01,5137.080078125,0.007975936433387787,0.007918939234691105
2024-03-04,5130.9501953125,-0.0011939745749618424,0.007645054804039511
2024-03-05,5078.64990234375,-0.010245406275918967,0.008258436519596209
2024-03-06,5104.759765625,0.0051279328530018375,0.008307719381970445
2024-03-07,5157.35986328125,0.010251402284984223,0.006054567954636261
2024-03-08,5123.68994140625,-0.006549922992050483,0.006556463651896532
2024-03-11,5117.93994140625,-0.001122868268028654,0.006406490842309467
2024-03-12,5175.27001953125,0.011139512586668232,0.007178175258684397
2024-03-13,5165.31005859375,-0.0019263840021217504,0.00719333295577311
2024-03-14,5150.47998046875,-0.0028752210514948473,0.007229796191409724
2024-03-15,5117.08984375,-0.006504022859738612,0.007139809490848838
2024-03-18,5149.419921875,0.006298184238481497,0.007433128062226801
2024-03-19,5178.509765625,0.005633253044342368,0.0065608559960427726
2024-03-20,5224.6201171875,0.008864765516360507,0.006861671664106507
2024-03-21,5241.52978515625,0.003231309094529067,0.006295944252768751
2024-03-22,5234.18017578125,-0.0014031718343261446,0.005739773291414848
2024-03-25,5218.18994140625,-0.0030596403820322138,0.0058925072867350575
2024-03-26,5203.580078125,-0.0028037219828060955,0.0050653651701623335
2024-03-27,5248.490234375,0.008593595582706115,0.00556292506757959
2024-03-28,5254.35009765625,0.0011158627007610278,0.00534528682105246
2024-04-01,5243.77001953125,-0.002015614526957421,0.004701904406322917
2024-04-02,5205.81005859375,-0.007265388203672174,0.005375167027760474
2024-04-03,5211.490234375,0.0010905275233383804,0.005135054376583569
2024-04-04,5147.2099609375,-0.012411035619262378,0.005720497276239783
2024-04-05,5204.33984375,0.011038050135699251,0.006856676808951489
2024-04-08,5202.39013671875,-0.00037470119004190394,0.006852870760447395
2024-04-09,5209.91015625,0.0014444494736345348,0.00682186626392924
2024-04-10,5160.64013671875,-0.00950198183221218,0.007413602602040947
2024-04-11,5199.06005859375,0.007417221983342159,0.007255120042288031
2024-04-12,5123.41015625,-0.014657587802247463,0.008383839330643848
2024-04-15,5061.81982421875,-0.012094195787460293,0.008905548898807602
2024-04-16,5051.41015625,-0.002058624527503383,0.008814730344586266
2024-04-17,5022.2099609375,-0.005797375076005196,0.008727321091871713
2024-04-18,5011.1201171875,-0.0022106017004848155,0.008174607519050518
2024-04-19,4967.22998046875,-0.00879712965405588,0.006760401648713251
2024-04-22,5010.60009765625,0.008693351156837892,0.007909964745223673
2024-04-23,5070.5498046875,0.011893566567723113,0.009249978404754066
2024-04-24,5071.6298828125,0.00021298737793173927,0.008963256053059483
2024-04-25,5048.419921875,-0.004586934270118803,0.008385860100567428
2024-04-26,5099.9599609375,0.010157381332325244,0.008202829698926573
2024-04-29,5116.169921875,0.0031734080766394612,0.0071498015839294654
2024-04-30,5035.68994140625,-0.015855551118928446,0.008929802338312625
2024-05-01,5018.39013671875,-0.0034413534856305716,0.008799111672021446
2024-05-02,5064.2001953125,0.009087024725083381,0.009210272864002137
2024-05-03,5127.7900390625,0.012478557659509448,0.009138965644348752
2024-05-06,5180.740234375,0.010273173691247806,0.00925772227551784
2024-05-07,5187.7001953125,0.0013425282288253015,0.008762460430637052
2024-05-08,5187.669921875,-5.835635194628708e-06,0.008768478483753868
2024-05-09,5214.080078125,0.005078032639108443,0.008456767686218175
2024-05-10,5222.68017578125,0.0016480400801661688,0.008102838133002317
2024-05-13,5221.419921875,-0.00024133317386620945,0.008137462816815051
2024-05-14,5246.68017578125,0.004826148527454777,0.005173169940124336
2024-05-15,5308.14990234375,0.011647827787300002,0.004922158353636856
2024-05-16,5297.10009765625,-0.002083837474089023,0.005299389200512624
2024-05-17,5303.27001953125,0.0011640956878942177,0.004562380719804543
2024-05-20,5308.1298828125,0.0009159703084904436,0.003899499219404007
2024-05-21,5321.41015625,0.002498749766893127,0.003880796427620706
2024-05-22,5307.009765625,-0.002709791209351664,0.0041622510036782535
2024-05-23,5267.83984375,-0.007408162283471853,0.0050135362149810745
2024-05-24,5304.72021484375,0.006976649076673169,0.00535833964970859
2024-05-28,5306.0400390625,0.00024877090688590897,0.005342264145083221
2024-05-29,5266.9501953125,-0.007394317215743129,0.005893504763670291
2024-05-30,5235.47998046875,-0.0059929575357529075,0.004658670755699962
2024-05-31,5277.509765625,0.007995824231928239,0.005503020099772555
2024-06-03,5283.39990234375,0.0011154602235343702,0.005501534408685508
2024-06-04,5291.33984375,0.0015016810037842276,0.005519897289476363
2024-06-05,5354.02978515625,0.011778015849955636,0.006699671131948485
2024-06-06,5352.9599609375,-0.0001998366016362496,0.00660781998974509
2024-06-07,5346.990234375,-0.0011158420502788147,0.006004859991210155
2024-06-10,5360.7900390625,0.002577529978241344,0.005712375472783232
2024-06-11,5375.31982421875,0.0027067148552095688,0.005726863066209436
2024-06-12,5421.02978515625,0.008467720241887022,0.005226909494455213
2024-06-13,5433.740234375,0.002341911437117261,0.004222179681432342
2024-06-14,5431.60009765625,-0.00039393828099854034,0.004109507936029814
2024-06-17,5473.22998046875,0.007635164372320702,0.004311053907167114
2024-06-18,5487.02978515625,0.0025181541815175734,0.0042697031263943825
2024-06-20,5473.169921875,-0.002529127395412445,0.003577602508136025
2024-06-21,5464.6201171875,-0.0015633517188238244,0.0037030489689102576
2024-06-24,5447.8701171875,-0.003069879155868094,0.003933878034231587
2024-06-25,5469.2998046875,0.003925873679182956,0.003983650429789947
2024-06-26,5477.89990234375,0.0015711962247202393,0.0039775709409065226
2024-06-27,5482.8701171875,0.0009069098567984213,0.0032382907572376827
2024-06-28,5460.47998046875,-0.004092013462368982,0.003591581509062173
2024-07-01,5475.08984375,0.0026719909814296727,0.003638213139888064
2024-07-02,5509.009765625,0.006176205771184939,0.003351505387989267
2024-07-03,5537.02001953125,0.005071562269533203,0.0035977364629849007
2024-07-05,5567.18994140625,0.0054339743609688185,0.003633789014106798
2024-07-08,5572.85009765625,0.0010161824764054472,0.0034637134024742286
2024-07-09,5576.97998046875,0.0007407974780644366,0.003031341685431143
2024-07-10,5633.91015625,0.010156314878106087,0.003906845475016964
2024-07-11,5584.5400390625,-0.008801649969266023,0.005407086062625417
2024-07-12,5615.35009765625,0.00550186402496422,0.005505022791485252
2024-07-15,5631.22021484375,0.002822216423354007,0.005012998583391467
2024-07-16,5667.2001953125,0.0063690499714521565,0.005114942612658849
2024-07-17,5588.27001953125,-0.014025441523644488,0.0073978786116827445
2024-07-18,5544.58984375,-0.007847112145350721,0.00780763870840034
2024-07-19,5505.0,-0.007165879226405991,0.007874162321225823
2024-07-22,5564.41015625,0.010734217246220368,0.008721636432126883
2024-07-23,5555.740234375,-0.0015593176939461273,0.008725816707114987
2024-07-24,5427.1298828125,-0.023421242222893213,0.010500226896573005
2024-07-25,5399.22021484375,-0.005155889019716753,0.01036738089205803
2024-07-26,5459.10009765625,0.01102942040957089,0.011020051308114155
2024-07-29,5463.5400390625,0.0008129795718279098,0.010923603295469417
2024-07-30,5436.43994140625,-0.004972514361366365,0.010417158161721113
2024-07-31,5522.2998046875,0.01566998070191694,0.011470738130725277
2024-08-01,5446.68017578125,-0.013788123791989904,0.011995813156522633
2024-08-02,5346.56005859375,-0.018552906608553243,0.013057202286349075
2024-08-05,5186.330078125,-0.03042704139239305,0.014663490509801995
2024-08-06,5240.02978515625,0.010300849493599884,0.015605122273366377
2024-08-07,5199.5,-0.007764715388770327,0.014384009330851261
2024-08-08,5319.31005859375,0.022781139590899002,0.01671943590100003
2024-08-09,5344.16015625,0.004660798434381164,0.016305699095587302
2024-08-12,5344.39013671875,4.3033051721153015e-05,0.01629208129936327
2024-08-13,5434.43017578125,0.016707233419049672,0.017294499258941973
2024-08-14,5455.2099609375,0.003816436561198344,0.01648564024309542
2024-08-15,5543.22021484375,0.016004489931304988,0.016653632089740935
2024-08-16,5554.25,0.0019878023683954638,0.015060850102400054
2024-08-19,5608.25,0.009675327436177383,0.009084721621730619
2024-08-20,5597.1201171875,-0.001986527237608726,0.009532024165434284
2024-08-21,5620.85009765625,0.004230714721005668,0.008183959108883506
2024-08-22,5570.64013671875,-0.00897294225665668,0.007876507538103653
2024-08-23,5634.60986328125,0.011417937401663636,0.008165266465171519
2024-08-26,5616.83984375,-0.003158710169605783,0.008451720173905768
2024-08-27,5625.7998046875,0.0015939251127239373,0.007406783447090872
2024-08-28,5592.18017578125,-0.005993900794734941,0.007981822944528993
2024-08-29,5591.9599609375,-3.937984343771461e-05,0.006421096350951638
2024-08-30,5648.39990234375,0.01004245707914464,0.00705048192102443
2024-09-03,5528.93017578125,-0.021377963372398057,0.009537951496754874
2024-09-04,5520.06982421875,-0.0016038290273812095,0.0095362132045523
2024-09-05,5503.41015625,-0.0030225810146742305,0.00933524796147411
2024-09-06,5408.419921875,-0.01741094450742331,0.010350498307102761
2024-09-09,5471.0498046875,0.011513534435817263,0.01036528200445838
2024-09-10,5495.52001953125,0.004462699977795026,0.01062482765662406
2024-09-11,5554.1298828125,0.010608555649842089,0.011339340691604728
2024-09-12,5595.759765625,0.007467352156803386,0.011515487567227693
2024-09-13,5626.02001953125,0.005393142234355608,0.011637563854135934
2024-09-16,5633.08984375,0.0012558408673104537,0.011168273381596113
2024-09-17,5634.580078125,0.0002645150938960228,0.008370147395364153
2024-09-18,5618.259765625,-0.0029006587083131308,0.008440096339866997
2024-09-19,5713.64013671875,0.016834356892726277,0.009462942152262266
2024-09-20,5702.5498046875,-0.0019429136300157523,0.006382781237480877
2024-09-23,5718.56982421875,0.0028053344257124024,0.006024166575051707
2024-09-24,5732.93017578125,0.0025080311033462976,0.006054436645177615
2024-09-25,5722.259765625,-0.0018629832062124763,0.005876263918302237
2024-09-26,5745.3701171875,0.004030542158199424,0.005682092491084748
2024-09-27,5738.169921875,-0.0012540029000724928,0.005712762732475521
2024-09-30,5762.47998046875,0.004227603658440771,0.005748448231544321
2024-10-01,5708.75,-0.009367848694454395,0.006827722495878362
2024-10-02,5709.5400390625,0.00013838132698751338,0.006685750325831753
2024-10-03,5699.93994140625,-0.0016828286544594562,0.00404320402898919
2024-10-04,5751.06982421875,0.008930255699185707,0.00490464713146825
2024-10-07,5695.93994140625,-0.009632263829388421,0.005840631285177075
2024-10-08,5751.1298828125,0.009642706804694257,0.006618794272640607
2024-10-09,5792.0400390625,0.0070882310169952945,0.00689090819032736
2024-10-10,5780.0498046875,-0.0020722685059819668,0.006883799814547357
2024-10-11,5815.02978515625,0.006033608707298299,0.007049270740731184
2024-10-14,5859.85009765625,0.007678114574593664,0.007287264094542768
2024-10-15,5815.259765625,-0.007638566037513783,0.007011378207517292
2024-10-16,5842.47021484375,0.004668232782780279,0.007034904364675876
2024-10-17,5841.47021484375,-0.00017117512853737082,0.00695556999278947
2024-10-18,5864.669921875,0.003963686942773492,0.006610405395350911
2024-10-21,5853.97998046875,-0.0018244327564183038,0.005448590502192798
2024-10-22,5851.2001953125,-0.00047496666719659686,0.0049393172142273975
2024-10-23,5797.419921875,-0.009233824267679935,0.005620041934602259
2024-10-24,5809.85986328125,0.002143473130557183,0.005597658117737251
2024-10-25,5808.1201171875,-0.0002994920131857981,0.005251392600736027
2024-10-28,5823.52001953125,0.0026479346267329618,0.004625122648625004
2024-10-29,5832.919921875,0.0016128259449015303,0.0039402149890900105
2024-10-30,5813.669921875,-0.003305691672489175,0.003761505416888456
2024-10-31,5705.4501953125,-0.018790134928744706,0.006890507880149564
2024-11-01,5728.7998046875,0.004084158004525662,0.006902878991462568
2024-11-04,5712.68994140625,-0.0028160448131906435,0.00690170801893564
2024-11-05,5782.759765625,0.012191031029562538,0.008319625970333918
2024-11-06,5929.0400390625,0.02498128095718677,0.011181296431003013
2024-11-07,5973.10009765625,0.007403754173996191,0.011299108048553393
2024-11-08,5995.5400390625,0.003749794035718068,0.011249292993745027
2024-11-11,6001.35009765625,0.0009685941909562956,0.011270565093227037
2024-11-12,5983.990234375,-0.002896851476936746,0.011421798789807992
2024-11-13,5985.3798828125,0.0002322007641417656,0.011273860307473307
2024-11-14,5949.169921875,-0.006068108582244491,0.009051734751124814
2024-11-15,5870.6201171875,-0.013291430866793519,0.01060691235479949
2024-11-18,5893.6201171875,0.003910159746206787,0.010448272313180788
2024-11-19,5916.97998046875,0.003955750520596268,0.009967158274631354
2024-11-20,5917.10986328125,2.195062133480974e-05,0.005984020816482579
2024-11-21,5948.7099609375,0.00532625184428781,0.005720930692072314
2024-11-22,5969.33984375,0.003461959591536612,0.0056983604861434445
2024-11-25,5987.3701171875,0.003015927820126052,0.005790543705898878
2024-11-26,6021.6298828125,0.005705697155262257,0.005986549465723266
2024-11-27,5998.740234375,-0.003808481083577675,0.006150286130525773
2024-11-29,6032.3798828125,0.005592120396801903,0.005926290218998736
2024-12-02,6047.14990234375,0.0024454638805817552,0.002923556022670144
2024-12-03,6049.8798828125,0.00045134724202178234,0.0030025425273753283
2024-12-04,6086.490234375,0.00603318162813693,0.0031725325071533484
2024-12-05,6075.10986328125,-0.0018715258393822154,0.0034062796851948214
2024-12-06,6090.27001953125,0.0024923453675373963,0.003272786511631512
2024-12-09,6052.85009765625,-0.0061631672852264785,0.00419534345533435
2024-12-10,6034.91015625,-0.0029682843142797566,0.004361059954020209
2024-12-11,6084.18994140625,0.008132626411368804,0.0047178909996801474
2024-12-12,6051.25,-0.005428731461464054,0.004925892991452097
2024-12-13,6051.08984375,-2.6466989371698446e-05,0.004639749200333046
2024-12-16,6074.080078125,0.0037921550087851585,0.00472734549122215
2024-12-17,6050.60986328125,-0.003871479480656248,0.004920340922085062
2024-12-18,5872.16015625,-0.029936505304517524,0.01026952879502349
2024-12-19,5867.080078125,-0.0008654867505377695,0.010293079378381541
2024-12-20,5930.85009765625,0.010810479402397988,0.01113167967801361
2024-12-23,5974.06982421875,0.007260849585616569,0.011465685765151149
2024-12-24,6040.0400390625,0.010982233165126587,0.012074064494053606
2024-12-26,6037.58984375,-0.00040574108825808253,0.01173898020961081
2024-12-27,5970.83984375,-0.011117304964912478,0.012121481045889322
2024-12-30,5906.93994140625,-0.010759673941729275,0.012462861444521122
2024-12-31,5881.6298828125,-0.00429400645898248,0.01227659675895064
2025-01-02,5868.5498046875,-0.0022263631494485736,0.012277914195151637
2025-01-03,5942.47021484375,0.012517356707824945,0.008796384488636923
2025-01-06,5975.3798828125,0.005522766496818932,0.008862225012319046
2025-01-07,5909.02978515625,-0.011166021516636704,0.009108975187742275
2025-01-08,5918.25,0.0015591440938305112,0.008749715682004208
2025-01-10,5827.0400390625,-0.015531637650232355,0.008753165329976918
2025-01-13,5836.22021484375,0.0015742043780537784,0.008854999842701421
2025-01-14,5842.91015625,0.0011456233341640143,0.00850865386133468
2025-01-15,5949.91015625,0.018147132504516605,0.010037587358815006
2025-01-16,5937.33984375,-0.002114924340865798,0.009939702261526196
2025-01-17,5996.66015625,0.009941478308393314,0.010248619739950978
2025-01-21,6049.240234375,0.008730009440595765,0.009886915880284597
2025-01-22,6086.3701171875,0.006119181086994274,0.00991375948200617
2025-01-23,6118.7099609375,0.005299419459529275,0.008820618266345425
2025-01-24,6101.240234375,-0.002859215984466701,0.009035947170044228
2025-01-27,6012.27978515625,-0.014688059032112122,0.00884517200849521
2025-01-28,6067.7001953125,0.009175644177716435,0.009021533291151802
2025-01-29,6039.31005859375,-0.0046898760569202835,0.00939956027164891
2025-01-30,6071.169921875,0.005261548152180495,0.007903084915603202
2025-01-31,6040.52978515625,-0.005059603990266837,0.008125886191928595
2025-02-03,5994.56982421875,-0.007637690729495716,0.008051559629775287
2025-02-04,6037.8798828125,0.007198907403029864,0.007879075849070365
2025-02-05,6061.47998046875,0.0039010539156141277,0.007711221684885248
2025-02-06,6083.56982421875,0.003637674355266185,0.007591495412003765
2025-02-07,6025.990234375,-0.009509845693660424,0.008088779387356833
2025-02-10,6066.43994140625,0.006690112295453687,0.0068737241297613695
2025-02-11,6068.5,0.00033952514367463493,0.006228930802539519
2025-02-12,6051.97021484375,-0.002727583189647831,0.0060937508597026365
2025-02-13,6115.06982421875,0.010372313214235263,0.006744155561439233
2025-02-14,6114.6298828125,-7.194639557361882e-05,0.0064470797988299315
2025-02-18,6129.580078125,0.0024420036555508062,0.005646761155815539
2025-02-19,6144.14990234375,0.0023741488668242994,0.005374314438049351
2025-02-20,6117.52001953125,-0.004343604884288865,0.005632940889512634
2025-02-21,6013.1298828125,-0.01721139667253979,0.007912544802121986
2025-02-24,5983.25,-0.004981493566251771,0.007500744322810665
2025-02-25,5955.25,-0.004690715138396584,0.007105880224711583
2025-02-26,5956.06005859375,0.0001360150295841578,0.0070992014303442675
2025-02-27,5861.56982421875,-0.015991742678524545,0.008397594432225201
2025-02-28,5954.5,0.01572978042066353,0.009462786782696827
2025-03-03,5849.72021484375,-0.017753402648310157,0.010518326552310891
2025-03-04,5778.14990234375,-0.012310288231505595,0.010482029806916086
2025-03-05,5842.6298828125,0.011097472528735608,0.011555537063810729
2025-03-06,5738.52001953125,-0.01797967710745496,0.012249035525705065
2025-03-07,5770.2001953125,0.005505435045455087,0.012126165773526796
2025-03-10,5614.56005859375,-0.02734354178842935,0.014188441936035665
2025-03-11,5572.06982421875,-0.00759664691853601,0.014180208878782831
2025-03-12,5599.2998046875,0.004874967940491359,0.014507623609477618
2025-03-13,5521.52001953125,-0.013988366806465535,0.014370209412312188
2025-03-14,5638.93994140625,0.021042905953198243,0.015328217431879268
2025-03-17,5675.1201171875,0.006395634974605713,0.015073818441209941
2025-03-18,5614.66015625,-0.010710667074320668,0.014972544180379894
2025-03-19,5675.2900390625,0.01074060817295397,0.014935934173231084
2025-03-20,5662.89013671875,-0.00218728351378239,0.013968607456186133
2025-03-21,5667.56005859375,0.0008243136078327495,0.013791525142911223
2025-03-24,5767.56982421875,0.017492117128638185,0.011690829752903729
2025-03-25,5776.64990234375,0.0015730954906540973,0.011141146097835867
2025-03-26,5712.2001953125,-0.011219640357598593,0.012061892749523875
2025-03-27,5693.31005859375,-0.003312461007132228,0.010907081223731383
2025-03-28,5580.93994140625,-0.019934601126852414,0.011097785019876101
2025-03-31,5611.85009765625,0.005523240357645065,0.011036150213989689
2025-04-01,5633.06982421875,0.003774104555212432,0.010578766364994335
2025-04-02,5670.97021484375,0.006705661429483811,0.010207902745956343
2025-04-03,5396.52001953125,-0.049605911828995986,0.018742997918730134
2025-04-04,5074.080078125,-0.06160906189823123,0.02574510760212638
2025-04-07,5062.25,-0.002334194605962736,0.02400659573949948
2025-04-08,4982.77001953125,-0.015825083277055896,0.02345363235547004
2025-04-09,5456.89990234375,0.09089487983303712,0.040910739398255354
2025-04-10,5268.0498046875,-0.03522060702411167,0.04203056190355083
2025-04-11,5363.35986328125,0.017930380835776916,0.04251503182665298
2025-04-14,5405.97021484375,0.007913319326343426,0.042581038595464096
2025-04-15,5396.6298828125,-0.0017292752253013077,0.04250866841104837
2025-04-16,5275.7001953125,-0.022663253964902097,0.04267892882395479
2025-04-17,5282.7001953125,0.0013259586237737153,0.04001524460793065
2025-04-21,5158.2001953125,-0.02384964833401959,0.035280641696360984
2025-04-22,5287.759765625,0.024806952125450366,0.03597766560196657
2025-04-23,5375.85986328125,0.016523864366879693,0.035411100462734275
2025-04-24,5484.77001953125,0.020056628082583572,0.021081544832785303
2025-04-25,5525.2099609375,0.007346084795701202,0.01696006947862008
2025-04-28,5528.75,0.0006405015390011926,0.0163388559621646
2025-04-29,5560.830078125,0.005785641545557496,0.016282056407436008
2025-04-30,5569.06005859375,0.0014788972519319543,0.0162138273664989
2025-05-01,5604.14013671875,0.006279345716452056,0.013441127231329553
2025-05-02,5686.669921875,0.014619191109114027,0.0135798044251388
2025-05-05,5650.3798828125,-0.00640204702931868,0.009685639524828154
2025-05-06,5606.91015625,-0.007722985278391548,0.009283605731121417
2025-05-07,5631.27978515625,0.004336938106709098,0.008494639486147237
2025-05-08,5663.93994140625,0.005783021147466982,0.006605910942828713
2025-05-09,5659.91015625,-0.0007117341348763517,0.00653702573312795
2025-05-12,5844.18994140625,0.03203997667701941,0.011357274327152828
2025-05-13,5886.5498046875,0.007222059020246974,0.0113696818959961
2025-05-14,5892.580078125,0.0010238912422764201,0.011389310493251049
2025-05-15,5916.93017578125,0.004123817438756561,0.011396403551297488
2025-05-16,5958.3798828125,0.00698084936809984,0.010959775581756539
2025-05-19,5963.60009765625,0.0008757295660490882,0.01036874546052518
2025-05-20,5940.4599609375,-0.003887777069571996,0.009889468432976294
2025-05-21,5844.60986328125,-0.01626671926775991,0.012118324482829741
2025-05-22,5842.009765625,-0.00044497002242138706,0.012160387388222728
2025-05-23,5802.81982421875,-0.00673089959147255,0.012513616595227189
2025-05-27,5921.5400390625,0.020252580802184283,0.009648339271905256
2025-05-28,5888.5498046875,-0.005586802576445393,0.009627190718670934
2025-05-29,5912.169921875,0.004003170870632289,0.009706997539254433
2025-05-30,5911.68994140625,-8.118845699556232e-05,0.00961512691642767
2025-06-02,5935.93994140625,0.004093651490626016,0.009420642212974688
2025-06-03,5970.3701171875,0.005783533535369756,0.009618927234254976
2025-06-04,5970.81005859375,7.368474471824982e-05,0.009516863584225191
2025-06-05,5939.2998046875,-0.005291357978697064,0.007854910077447649
2025-06-06,6000.35986328125,0.010228196215376073,0.008259784177159956
2025-06-09,6005.8798828125,0.000919525186391823,0.007621478906166854
2025-06-10,6038.81005859375,0.0054680125416464165,0.004970572059915275
2025-06-11,6022.240234375,-0.002747660318286549,0.0045552792713126275
2025-06-12,6045.259765625,0.0038151330716758025,0.004547596729593327
2025-06-13,5976.97021484375,-0.011360668590102208,0.0062599339126938195
2025-06-16,6033.10986328125,0.009348823148188856,0.006741408282333829
2025-06-17,5982.72021484375,-0.008387259723644291,0.007240732467362008
2025-06-18,5980.8701171875,-0.00030928803471930166,0.007242526415897308
2025-06-20,5967.83984375,-0.002181035215588878,0.007046129879783674
2025-06-23,6025.169921875,0.009560655071259916,0.006945958791877535
2025-06-24,6092.18017578125,0.01106032861695816,0.00772478099674189
2025-06-25,6092.16015625,-3.286108348987682e-06,0.007599483606279069
2025-06-26,6141.02001953125,0.007988131032517387,0.007786158575846064
2025-06-27,6173.06982421875,0.005205399256150045,0.007835356046098658
2025-06-30,6204.9501953125,0.005151137506128833,0.006268522357424933
2025-07-01,6198.009765625,-0.0011191571098798647,0.006100221844753083
2025-07-02,6227.419921875,0.004733874306490193,0.00470221539656753
2025-07-03,6279.35009765625,0.00830437821066532,0.004611413224575884
2025-07-07,6229.97998046875,-0.007893368104245013,0.005786095081173065
2025-07-08,6225.52001953125,-0.0007161432504698695,0.005658931345142365
2025-07-09,6263.259765625,0.006043802776780183,0.005084956857030815
2025-07-10,6280.4599609375,0.002742441072925317,0.0049918788587816785
2025-07-11,6259.75,-0.0033029717732251385,0.00502617072074305
2025-07-14,6268.56005859375,0.0014064243309359625,0.004891600154532627
2025-07-15,6243.759765625,-0.003964145065671332,0.004991168188532108
2025-07-16,6263.7001953125,0.003188568525382962,0.005009910123944951
2025-07-17,6297.35986328125,0.005359380240012257,0.005064562451914666
2025-07-18,6296.7900390625,-9.049030280827708e-05,0.004391881894668427
2025-07-21,6305.60009765625,0.0013981570056724735,0.00332432068565454
2025-07-22,6309.6201171875,0.000637328496667422,0.003264355923656505
2025-07-23,6358.91015625,0.007781532145703096,0.0035740321748940853
2025-07-24,6363.35009765625,0.0006979799969322187,0.003554478037861847
2025-07-25,6388.64013671875,0.003966451001680582,0.0032349565817923393
2025-07-28,6389.77001953125,0.0001768424712675909,0.003284621082318322
2025-07-29,6370.85986328125,-0.0029638301974674874,0.0030954603731313457
2025-07-30,6362.89990234375,-0.001250213938510214,0.0032240874375324617
2025-07-31,6339.39013671875,-0.0037016620463745653,0.00331322659915106
2025-08-01,6238.009765625,-0.01612138718556899,0.006274436795476734
2025-08-04,6329.93994140625,0.014629564491414726,0.007983999725520835
2025-08-05,6299.18994140625,-0.0048697037804625865,0.008152822522003311
2025-08-06,6345.06005859375,0.007255522219853816,0.00809736087440058
2025-08-07,6340.0,-0.0007977981718276794,0.008092373355913653
2025-08-08,6389.4501953125,0.007769454816388688,0.008402116807450568
2025-08-11,6373.4501953125,-0.0025072683938844875,0.008439081315286093
2025-08-12,6445.759765625,0.011281559075170478,0.009107048705972601
2025-08-13,6466.580078125,0.0032248733840454236,0.009084896708424732
2025-08-14,6468.5400390625,0.00030304487855481455,0.008911030374916876
2025-08-15,6449.7998046875,-0.0029013399163648756,0.006602826234924574
2025-08-18,6449.14990234375,-0.0001007682577363056,0.005323183634343317
2025-08-19,6411.3701171875,-0.005875329112207339,0.005471983301453495
2025-08-20,6395.77978515625,-0.00243463063226379,0.005244980122880695
2025-08-21,6370.169921875,-0.004012219728950939,0.005448088735746835
2025-08-22,6466.91015625,0.015072285158778342,0.0068449283743611394
2025-08-25,6439.31982421875,-0.004275512539646087,0.00697312209205946
2025-08-26,6465.93994140625,0.004125473710116623,0.006118828934701431
2025-08-27,6481.39990234375,0.0023881304533031056,0.00608017784573606
2025-08-28,6501.85986328125,0.0031517474414659574,0.006150365991304214
2025-08-29,6460.259765625,-0.006418740402791556,0.006460156746013184
2025-09-02,6415.5400390625,-0.006946350061031836,0.006842486699665717
2025-09-03,6448.259765625,0.0050871123029416765,0.006767359538395615
2025-09-04,6502.080078125,0.008311847102874026,0.0070824819062240835
2025-09-05,6481.5,-0.003170172669936022,0.0070123629735708085
2025-09-08,6495.14990234375,0.0021037644508883346,0.005248607801196858
2025-09-09,6512.60986328125,0.0026845470300731478,0.00501052319066674
2025-09-10,6532.0400390625,0.002979028229397329,0.004947127932564604
2025-09-11,6587.47021484375,0.008450087623094404,0.005476836328000604
2025-09-12,6584.2900390625,-0.0004828778814278678,0.005484729460534429
2025-09-15,6615.27978515625,0.004695577726559819,0.0048446023596386235
2025-09-16,6606.759765625,-0.0012887604333311486,0.0038673655890030874
2025-09-17,6600.35009765625,-0.000970639078245128,0.00396632856279088
2025-09-18,6631.9599609375,0.0047776878367074005,0.0035048265042386924
2025-09-19,6664.35986328125,0.00487352393748175,0.003090619818590034
2025-09-22,6693.75,0.004400350714762524,0.0031197954291534795
2025-09-23,6656.919921875,-0.005517351828739692,0.004129987839048776
2025-09-24,6637.97021484375,-0.002850677165294968,0.004408550985406198
2025-09-25,6604.72021484375,-0.005021648742527418,0.004135561983162377
2025-09-26,6643.7001953125,0.005884489130414394,0.004483738427934423
2025-09-29,6661.2099609375,0.0026320772599124354,0.004334562259056264
2025-09-30,6688.4599609375,0.004082503613508592,0.004394237940499201
2025-10-01,6711.2001953125,0.0033941541712234624,0.004368167765210838
2025-10-02,6715.35009765625,0.0006181636213824504,0.004234896475604072
2025-10-03,6715.7900390625,6.551065686721813e-05,0.00404648376559534
2025-10-06,6740.27978515625,0.003639959282761396,0.003977209911639436
2025-10-07,6714.58984375,-0.0038186877068522307,0.003709792691504338
2025-10-08,6753.72021484375,0.005810748494187834,0.003757319421555715
2025-10-09,6735.10986328125,-0.002759373980278923,0.003351960160420701
2025-10-10,6552.509765625,-0.027485975439899946,0.00966717844596299
2025-10-13,6654.72021484375,0.015478263036934337,0.011018895993535376
2025-10-14,6644.31005859375,-0.0015655514969434847,0.010925188087761816
2025-10-15,6671.06005859375,0.00401791850342903,0.010952667372234428
2025-10-16,6629.06982421875,-0.006314280275143247,0.01108559051454248
2025-10-17,6664.009765625,0.005256873944526674,0.011276202329860433
2025-10-20,6735.1298828125,0.010615724136144422,0.011783941276416712
2025-10-21,6735.35009765625,3.269591641696934e-05,0.011710752796796075
2025-10-22,6699.39990234375,-0.00535183477474277,0.01165992407555191
2025-10-23,6738.43994140625,0.005810479862013551,0.011814440303856408
2025-10-24,6791.68994140625,0.007871361975244184,0.006945812795967222
2025-10-27,6875.16015625,0.012215141327379442,0.006378477293695953
2025-10-28,6890.89013671875,0.0022853305022305648,0.006167609766092333
2025-10-29,6890.58984375,-4.357920473374577e-05,0.006273073521655241
2025-10-30,6822.33984375,-0.009954191424535352,0.006957206531368518
2025-10-31,6840.2001953125,0.002614500917884399,0.006906635189303152
2025-11-03,6851.97021484375,0.0017192339969174242,0.0063077888474399
2025-11-04,6771.5498046875,-0.0118062503923273,0.007631718551810993
2025-11-05,6796.2900390625,0.0036468976756882654,0.007386934208183403
2025-11-06,6720.31982421875,-0.011241134514722972,0.00818939298949242
2025-11-07,6728.7998046875,0.0012610463474942435,0.007712167760397544
2025-11-10,6832.43017578125,0.015283626703501696,0.008329632633034321
2025-11-11,6846.60986328125,0.0020731999523917466,0.008321668064674426
2025-11-12,6850.919921875,0.0006293191259452158,0.0083297851553153
2025-11-13,6737.490234375,-0.01669545163092856,0.009379594480302898
2025-11-14,6734.10986328125,-0.000501851471272019,0.009288200224936838
2025-11-17,6672.41015625,-0.009204497894303998,0.009499237563174735
2025-11-18,6617.31982421875,-0.008290709844169797,0.009182732290148984
2025-11-19,6642.16015625,0.003746807737265101,0.00918997784338219
2025-11-20,6538.759765625,-0.015689726116315583,0.00976112935011351
2025-11-21,6602.990234375,0.009775103041592459,0.010492681586170305
2025-11-24,6705.1201171875,0.015348818899081351,0.010504549083629047
2025-11-25,6765.8798828125,0.009020886000833173,0.011012603608237482
2025-11-26,6812.60986328125,0.006882969436150077,0.011300937241086339
2025-11-28,6849.08984375,0.005340487341136679,0.009862043155105875
2025-12-01,6812.6298828125,-0.0053375487460556315,0.010094699799087534
2025-12-02,6829.3701171875,0.0024542211959364124,0.009415138953851826
2025-12-03,6849.72021484375,0.0029753605210860457,0.008646372800923958
2025-12-04,6857.1201171875,0.0010797387119740876,0.008677338633854921
2025-12-05,6870.39990234375,0.0019347688846789168,0.005695127231495953
2025-12-08,6846.509765625,-0.003483315331648029,0.005982419443490448
2025-12-09,6840.509765625,-0.0008767431610134935,0.0044532869112859945
2025-12-10,6886.68017578125,0.006726880659140733,0.004096149733308676
2025-12-11,6901.0,0.0020771919837176966,0.0036915110962358775
2025-12-12,6827.41015625,-0.01072091345855597,0.004996390330248108
2025-12-15,6816.509765625,-0.0015978388918362896,0.004710645283503829
2025-12-16,6800.259765625,-0.0023867640084400676,0.004685589989232525
2025-12-17,6721.43017578125,-0.011659856611370145,0.005683993621023192
2025-12-18,6774.759765625,0.007902951520478041,0.006439516277446623
2025-12-19,6834.5,0.008779407421830143,0.007136741497280845
2025-12-22,6878.490234375,0.006415870575560589,0.007363578545204997
2025-12-23,6909.7900390625,0.004540067046789886,0.007452525889536256
2025-12-24,6932.0498046875,0.00321630434470066,0.007232624909238423
2025-12-26,6929.93994140625,-0.0003044098771098902,0.007219850901621438
2025-12-29,6905.740234375,-0.003498162923936121,0.0062820148035114005
2025-12-30,6896.240234375,-0.0013766142506543844,0.006271680144432057
2025-12-31,6845.5,-0.007384867434248932,0.006765694918521181
2026-01-02,6858.47021484375,0.0018929140261167987,0.005198951967610346
2026-01-05,6902.0498046875,0.006334024511051695,0.005022308675386387
2026-01-06,6944.81982421875,0.006177592003892229,0.004679818133210736
2026-01-07,6920.93017578125,-0.0034458535710086835,0.004590739866656833
2026-01-08,6921.4599609375,7.654532942247272e-05,0.004378817692345736
2026-01-09,6966.27978515625,0.006454611138320132,0.004734532913188901
2026-01-12,6977.27001953125,0.0015763900591814206,0.004736711653694719
2026-01-13,6963.740234375,-0.001941005588207645,0.004607916349031929
2026-01-14,6926.60009765625,-0.005347633584134925,0.004976207481232593
2026-01-15,6944.47021484375,0.0025766039204437874,0.004167222802329422
2026-01-16,6940.009765625,-0.0006425086684505033,0.004213171897497605
2026-01-20,6796.85986328125,-0.020842460953261366,0.007777660565442133
2026-01-21,6875.6201171875,0.011521117633559896,0.008515078722020886
2026-01-22,6913.35009765625,0.005472500707902839,0.008695731840196185
2026-01-23,6915.60986328125,0.0003268164274814467,0.00869668715835876
2026-01-26,6950.22998046875,0.004993594260159995,0.008586195324412103
2026-01-27,6978.60009765625,0.004073587840441206,0.008680388266539678
2026-01-28,6978.02978515625,-8.172639170034302e-05,0.008653611118639553
2026-01-29,6969.009765625,-0.0012934674424620596,0.00845731107388808
2026-01-30,6939.02978515625,-0.004311179414457911,0.0085592503860169
2026-02-02,6976.43994140625,0.005376785277363183,0.008725213862634232
2026-02-03,6917.81005859375,-0.008439495590662816,0.005711688320367589
2026-02-04,6882.72021484375,-0.005085300155014849,0.004918670064621529
2026-02-05,6798.39990234375,-0.012326677853831569,0.005885307937684159
2026-02-06,6932.2998046875,0.019504344282200492,0.008941642210841833
2026-02-09,6964.81982421875,0.004680117860122124,0.008923660848247502
2026-02-10,6941.81005859375,-0.003309182284509049,0.008873730664266753
2026-02-11,6941.47021484375,-4.895726995002292e-05,0.008873920062195227
2026-02-12,6832.759765625,-0.015784941386117524,0.010110414714245841
2026-02-13,6836.169921875,0.0004989646444464313,0.010101309515507398
2026-02-17,6843.22021484375,0.001030790630656142,0.00986357560432808
2026-02-18,6881.31005859375,0.005550636821135768,0.009829491396269683
2026-02-19,6861.89013671875,-0.002826115391535211,0.00973867820668285
2026-02-20,6909.509765625,0.0069157557021739535,0.008969671640298913
2026-02-23,6837.75,-0.01043995947145504,0.007149904100720451
2026-02-24,6890.06982421875,0.007622488962383045,0.007479636723908906
2026-02-25,6946.1298828125,0.008103433970129359,0.007956998834276505
2026-02-26,6908.85986328125,-0.0053800269955672775,0.00814171716789132
2026-02-27,6878.8798828125,-0.004348795128036542,0.006359836004478763
2026-03-02,6881.6201171875,0.0003982754131346411,0.0063602213499356275
2026-03-03,6816.6298828125,-0.009488908731311696,0.00711745832975842
2026-03-04,6869.5,0.007726125740148859,0.007348681071866196
2026-03-05,6830.7099609375,-0.005662707772703612,0.007515378524406233
2026-03-06,6740.02001953125,-0.013365720432496175,0.008024514855436307
2026-03-09,6795.990234375,0.008269871665389061,0.008143589827530218
2026-03-10,6781.47998046875,-0.0021374025058875645,0.007614644906348483
2026-03-11,6775.7998046875,-0.0008379521856358707,0.006835192626490348
2026-03-12,6672.6201171875,-0.015344808189492909,0.007941367646954706
2026-03-13,6632.18994140625,-0.0060775463985027756,0.007981118158301334
2026-03-16,6699.3798828125,0.010079909746819382,0.009043554679048256
2026-03-17,6716.08984375,0.0024911493849533173,0.008832981611558445
2026-03-18,6624.7001953125,-0.013700999383731371,0.008948176698616346
2026-03-19,6606.490234375,-0.0027525826238985474,0.00892195696756466
2026-03-20,6506.47998046875,-0.015253934307770223,0.00917418542179877
2026-03-23,6581.0,0.011388109095072707,0.009659822307477408
2026-03-24,6556.3701171875,-0.0037495954593200764,0.009653297845807951
2026-03-25,6591.89990234375,0.005404493759948892,0.010030131383134123
2026-03-26,6477.16015625,-0.017559440961209205,0.010358167514417925
2026-03-27,6368.85009765625,-0.01686323194605066,0.011241248444035942
2026-03-30,6343.72021484375,-0.003953553833357049,0.010098992745032153
2026-03-31,6528.52001953125,0.02871489330980026,0.014733094132702521
2026-04-01,6575.31982421875,0.007142945003758783,0.01449719627489356
2026-04-02,6582.68994140625,0.001120248136237123,0.01448942866132968
2026-04-06,6611.830078125,0.004417013131604364,0.013547543920329176
2026-04-07,6616.85009765625,0.00075896003312792,0.013104526151514204
2026-04-08,6782.81005859375,0.024772038357184556,0.015028910789873255
2026-04-09,6824.66015625,0.0061510668695135,0.01504184860938861
2026-04-10,6816.89013671875,-0.0011391696991402966,0.013284729465982512
2026-04-13,6886.240234375,0.010121875493741328,0.010840860138737895
2026-04-14,6967.3798828125,0.011713988916143947,0.010055463878248693
2026-04-15,7022.9501953125,0.007944144911565587,0.00741607693953872
2026-04-16,7041.27978515625,0.0026065558152854607,0.007564041149452627
2026-04-17,7126.06005859375,0.01196855392873708,0.007428216719593603
2026-04-20,7109.14013671875,-0.0023771959102507623,0.008068506237829981
2026-04-21,7064.009765625,-0.0063684535808530285,0.008970231562159064
2026-04-22,7137.89990234375,0.010405756011536482,0.006549507018891955
2026-04-23,7108.39990234375,-0.004141432170939652,0.0071478511554121955
2026-04-24,7165.080078125,0.0079420679176323,0.006987080723738284
2026-04-27,7173.91015625,0.001231618000550938,0.006824056237700132
2026-04-28,7138.7998046875,-0.004906187868796152,0.006785425241943514
2026-04-29,7135.9501953125,-0.0003992517435129628,0.006540681768640926
2026-04-30,7209.009765625,0.010186184168105683,0.007087128774856638
2026-05-01,7230.1201171875,0.0029240496865217125,0.00625170690166252
2026-05-04,7200.75,-0.0040704624878422635,0.0063883135611310935
2026-05-05,7259.22021484375,0.008087227380576323,0.006093954582502608
2026-05-06,7365.1201171875,0.014482944327745884,0.0067643808511533305
2026-05-07,7337.10986328125,-0.0038103454826785566,0.006725514507318019
2026-05-08,7398.93017578125,0.00839040542903291,0.006762278477219514
2026-05-11,7412.83984375,0.0018781917406744952,0.006744310453840167
2026-05-12,7400.9599609375,-0.001603894411408291,0.006369583526902581
2026-05-13,7444.25,0.005832206062995837,0.0062376001616158095
2026-05-14,7501.240234375,0.007626449143739222,0.006014534488837971
2026-05-15,7408.5,-0.012440381787730104,0.00796021121483659
2026-05-18,7403.0498046875,-0.0007359385925660433,0.0077236409741882
2026-05-19,7353.60986328125,-0.006700720556670703,0.00800323038836934
2026-05-20,7432.97021484375,0.01073420806632619,0.007380254704856914
2026-05-21,7445.72021484375,0.0017138609316660336,0.007191420378290383
2026-05-22,7473.47021484375,0.0037200452843411114,0.006834820697890957
2026-05-26,7519.1201171875,0.006089680623146521,0.00702197102003529
2026-05-27,7520.35986328125,0.00016486555361971966,0.006959236097312255
2026-05-28,7563.6298828125,0.005737227212216922,0.006952880805605466
2026-05-29,7580.06005859375,0.0021699047314864828,0.0066333609018464175
2026-06-01,7599.9599609375,0.0026218560604913677,0.004642184055135131
2026-06-02,7609.77978515625,0.0012912549125889683,0.004525469568981139
2026-06-03,7553.68017578125,-0.0073993488920685024,0.004690050025059845
2026-06-04,7584.31005859375,0.004046762369187107,0.0038086590756398475
2026-06-05,7383.740234375,-0.026801330315359806,0.009885828179515667
2026-06-08,7405.72998046875,0.00297370520766016,0.009850364510451024
2026-06-09,7386.64990234375,-0.00257971859262085,0.009542503223574552
2026-06-10,7266.990234375,-0.016332095868206054,0.01054294604295745
2026-06-11,7394.2998046875,0.01736719891346361,0.012180483355282688
2026-06-12,7431.4599609375,0.005012928127161587,0.01232776674613608
2026-06-15,7554.2900390625,0.016393284138581876,0.013602272793130636
2026-06-16,7511.35009765625,-0.005700396039273414,0.01367360411012964
2026-06-17,7420.10009765625,-0.012222675603359434,0.01399390757282785
2026-06-18,7500.580078125,0.010787813962926052,0.0144605852537404
2026-06-22,7472.7900390625,-0.0037119326849772705,0.01142801744188821
2026-06-23,7365.4599609375,-0.014466928386097422,0.012415240725122609
2026-06-24,7358.22021484375,-0.0009834153677328317,0.012396423926257059
2026-06-25,7357.490234375,-9.921104004639858e-05,0.011067887879346065
2026-06-26,7354.02001953125,-0.0004717686829192047,0.00950684407797634
2026-06-29,7440.43017578125,0.011681561359345949,0.010152111638770611
2026-06-30,7499.35986328125,0.007888998838147643,0.008918796538286288
2026-07-01,7483.22998046875,-0.0021531509855510222,0.008768410223512662
2026-07-02,7483.240234375,1.3702504482182576e-06,0.007722970072435237
2026-07-06,7537.43017578125,0.007215413830444106,0.007282105108226669
2026-07-07,7503.85009765625,-0.0044650632531855194,0.007334100925058311
2026-07-08,7482.7099609375,-0.0028212145626138607,0.005370138249815926
2026-07-09,7543.64013671875,0.008109821657157568,0.005650526269487051
2026-07-10,7575.39013671875,0.004200010992571279,0.005595029574359284
2026-07-13,7515.33984375,-0.007958609028042574,0.006523061408569685
2026-07-14,7543.58984375,0.003751931076882542,0.005663689499607895
2026-07-15,7572.39990234375,0.0038118699420550683,0.005276322087832952
2026-07-16,7533.77001953125,-0.005114462132766562,0.005547184780298455
2026-07-17,7457.68994140625,-0.010149876192112828,0.006526206000699147
2026-07-20,7443.27978515625,-0.0019341238867802701,0.0059663026739576715
2026-07-21,7509.2001953125,0.008817378432212308,0.006615883728239883
2026-07-22,7498.9599609375,-0.0013646224263990092,0.006560931539035102
2026-07-23,7408.2998046875,-0.012163372131276162,0.0069704645325610794
2026-07-24,7411.97998046875,0.0004966405371877869,0.006709134527618713
2026-07-27,7413.18017578125,0.00016191330177584007,0.006417182578923407
2026-07-28,7428.77978515625,0.002102096375459439,0.0062908712601322655
2026-07-29,7316.14990234375,-0.01527739715707277,0.007303357822926411
2026-07-30,7437.6298828125,0.016468013977055662,0.009586493181540581
2026-07-31,7489.72021484375,0.006979208383379287,0.009353878789122862
2026-08-03,7600.5,0.014682592263996597,0.010314168360324052
2026-08-04,7736.52001953125,0.017737942015186192,0.011299346441817034
2026-08-05,7723.5498046875,-0.0016778990048802456,0.011313163311533658
2026-08-06,7709.9599609375,-0.0017610831844070418,0.010191653679003636
2026-08-07,7757.64013671875,0.006165187424711505,0.010133164715324557
2026-08-10,7753.10986328125,-0.0005841462941909015,0.01017180066981578
2026-08-11,7728.2001953125,-0.0032180337931322356,0.010445633880955275
2026-08-12,7748.5,0.0026232744800278596,0.008041378408155114
2026-08-13,7798.990234375,0.006494991938586381,0.007130042416141167
2026-08-14,7785.759765625,-0.0016978741305937461,0.007352350218661468
2026-08-17,7745.06005859375,-0.005241165715608176,0.006775592439195319
2026-08-18,7691.759765625,-0.0069056328168422,0.004451758070764856
2026-08-19,7707.97998046875,0.0021065577872612096,0.004508573939544193
2026-08-20,7641.16015625,-0.008706708745808811,0.005249584037991629
2026-08-21,7674.3701171875,0.004336776121309782,0.0050023235081749755
2026-08-24,7652.85986328125,-0.0028068043678342036,0.005027200451040347
2026-08-25,7677.27978515625,0.0031858734610068495,0.005162004646063822
2026-08-26,7675.7001953125,-0.00020576980512387877,0.005038040308580018
2026-08-27,7730.990234375,0.007177437188467195,0.00515330730786735
2026-08-28,7711.759765625,-0.002490551059921131,0.005173415769842339
2026-08-31,7686.14013671875,-0.003327681399442284,0.005030687275747943
